Username,FirstName,LastName,Gender,Email
gergan,Gergan,Gerganov,0,gergan@gergan.com
pepo,Pepo,Pepev,0,pepo@pepo.com
mira,Mira,Dobreva,1,mira@mira.com
vito,Don,Vito,0,don@vito.com
maria,Maria,Tereca,1,maria@tereza.com
dani,Daniela,Rodorova,1,dani@daniela.com
voldemort,Voldemort,Doris,2,vord@vodr.com
sami,Samuel,Jackson,0,sami@sami.com
jackson,Michael,Jackson,0,michael@mi.com
jeffrey,Jeremi,Johnson,0,jeremi@je.com
tinko,Tanio,Tenev,0,tenio@abv.bg
valdes,Vlado,Mitev,0,vlado@vl.com
mariika,Maria,Stavreva,1,maria@mar.bg
dennis,Dennis,Trueba,0,dennis@dennis.com
kalina,Carolina,Krill,1,carolina@cara.bg
simens,Simeon,Boev,0,simo@sim.com
kikao,Koko,Chanell,0,koko@koko.cz
dunio,Dorotty,Smith,1,dora@dara.com
treschotka,Trevor,Wosh,2,trevor@tres.ru
malinka,Malina,Yagodova,1,malina@gradia.bg
malinkata,Malina,Yagodova,1,malinata@gradia.bg
dundio,Dorotty,Smith,1,dorata@dara.com
dund,Dorot,Smith,0,dorot@dara.com
tino,Tanio,Tenev,0,teio@abv.bg
danielcho,Daniel,Rodorova,0,daniel@daniel.com
